Date,Oil,Gas,Misc,Total
7/17/1987,559.00,337.00,26.00,922.00
7/24/1987,565.00,331.00,21.00,917.00
7/31/1987,605.00,346.00,22.00,973.00
8/7/1987,613.00,349.00,21.00,983.00
8/14/1987,620.00,352.00,26.00,998.00
8/21/1987,627.00,354.00,31.00,1012.00
8/28/1987,665.00,361.00,23.00,1049.00
9/4/1987,704.00,369.00,26.00,1099.00
9/11/1987,718.00,364.00,26.00,1108.00
9/18/1987,711.00,367.00,23.00,1101.00
9/25/1987,718.00,356.00,20.00,1094.00
10/2/1987,721.00,367.00,39.00,1127.00
10/9/1987,723.00,378.00,3.00,1104.00
10/16/1987,725.00,391.00,18.00,1134.00
10/23/1987,740.00,372.00,18.00,1130.00
10/30/1987,738.00,374.00,19.00,1131.00
11/6/1987,734.00,387.00,20.00,1141.00
11/13/1987,760.00,393.00,21.00,1174.00
11/20/1987,746.00,386.00,20.00,1152.00
11/27/1987,750.00,389.00,22.00,1161.00
12/4/1987,757.00,394.00,1.00,1152.00
12/11/1987,764.00,399.00,18.00,1181.00
12/18/1987,745.00,405.00,18.00,1168.00
12/25/1987,716.00,412.00,17.00,1145.00
1/1/1988,710.00,392.00,19.00,1121.00
1/8/1988,689.00,390.00,23.00,1102.00
1/15/1988,641.00,392.00,21.00,1054.00
1/22/1988,611.00,390.00,25.00,1026.00
1/29/1988,573.00,366.00,25.00,964.00
2/5/1988,580.00,381.00,25.00,986.00
2/12/1988,557.00,385.00,26.00,968.00
2/19/1988,575.00,377.00,26.00,978.00
2/26/1988,592.00,365.00,26.00,983.00
3/4/1988,591.00,360.00,27.00,978.00
3/11/1988,572.00,342.00,32.00,946.00
3/18/1988,583.00,326.00,34.00,943.00
3/25/1988,580.00,322.00,33.00,935.00
4/1/1988,577.00,330.00,34.00,941.00
4/8/1988,566.00,315.00,35.00,916.00
4/15/1988,560.00,310.00,34.00,904.00
4/22/1988,566.00,307.00,35.00,908.00
4/29/1988,541.00,308.00,31.00,880.00
5/6/1988,563.00,308.00,26.00,897.00
5/13/1988,557.00,299.00,27.00,883.00
5/20/1988,571.00,291.00,30.00,892.00
5/27/1988,576.00,295.00,34.00,905.00
6/3/1988,562.00,304.00,32.00,898.00
6/10/1988,544.00,310.00,35.00,889.00
6/17/1988,550.00,321.00,34.00,905.00
6/24/1988,558.00,301.00,35.00,894.00
7/1/1988,572.00,314.00,35.00,921.00
7/8/1988,573.00,318.00,35.00,926.00
7/15/1988,565.00,297.00,37.00,899.00
7/22/1988,560.00,308.00,35.00,903.00
7/29/1988,549.00,314.00,31.00,894.00
8/5/1988,575.00,340.00,30.00,945.00
8/12/1988,572.00,335.00,33.00,940.00
8/19/1988,566.00,342.00,29.00,937.00
8/26/1988,561.00,346.00,28.00,935.00
9/2/1988,526.00,381.00,26.00,933.00
9/9/1988,513.00,399.00,26.00,938.00
9/16/1988,499.00,396.00,26.00,921.00
9/23/1988,510.00,383.00,24.00,917.00
9/30/1988,523.00,370.00,25.00,918.00
10/7/1988,514.00,372.00,28.00,914.00
10/14/1988,524.00,373.00,28.00,925.00
10/21/1988,526.00,379.00,28.00,933.00
10/28/1988,504.00,391.00,28.00,923.00
11/4/1988,505.00,416.00,21.00,942.00
11/11/1988,471.00,403.00,23.00,897.00
11/18/1988,491.00,409.00,23.00,923.00
11/25/1988,494.00,395.00,22.00,911.00
12/2/1988,487.00,397.00,21.00,905.00
12/9/1988,512.00,390.00,20.00,922.00
12/16/1988,510.00,400.00,20.00,930.00
12/23/1988,519.00,400.00,21.00,940.00
12/30/1988,505.00,384.00,19.00,908.00
1/6/1989,475.00,375.00,22.00,872.00
1/13/1989,470.00,346.00,24.00,840.00
1/20/1989,412.00,354.00,23.00,789.00
1/27/1989,414.00,362.00,21.00,797.00
2/3/1989,396.00,363.00,21.00,780.00
2/10/1989,389.00,334.00,23.00,746.00
2/17/1989,392.00,350.00,24.00,766.00
2/24/1989,391.00,341.00,25.00,757.00
3/3/1989,400.00,337.00,24.00,761.00
3/10/1989,398.00,327.00,18.00,743.00
3/17/1989,405.00,314.00,21.00,740.00
3/24/1989,424.00,320.00,22.00,766.00
3/31/1989,417.00,341.00,21.00,779.00
4/7/1989,429.00,325.00,24.00,778.00
4/14/1989,433.00,304.00,21.00,758.00
4/21/1989,430.00,317.00,20.00,767.00
4/28/1989,426.00,305.00,20.00,751.00
5/5/1989,436.00,311.00,17.00,764.00
5/12/1989,451.00,310.00,10.00,771.00
5/19/1989,425.00,304.00,8.00,737.00
5/26/1989,419.00,323.00,7.00,749.00
6/2/1989,429.00,341.00,14.00,784.00
6/9/1989,427.00,353.00,11.00,791.00
6/16/1989,409.00,367.00,19.00,795.00
6/23/1989,428.00,368.00,14.00,810.00
6/30/1989,439.00,364.00,14.00,817.00
7/7/1989,436.00,373.00,16.00,825.00
7/14/1989,424.00,382.00,14.00,820.00
7/21/1989,417.00,399.00,14.00,830.00
7/28/1989,445.00,413.00,12.00,870.00
8/4/1989,445.00,420.00,9.00,874.00
8/11/1989,433.00,414.00,11.00,858.00
8/18/1989,426.00,463.00,14.00,903.00
8/25/1989,442.00,456.00,11.00,909.00
9/1/1989,451.00,474.00,11.00,936.00
9/8/1989,449.00,490.00,11.00,950.00
9/15/1989,468.00,486.00,11.00,965.00
9/22/1989,472.00,485.00,10.00,967.00
9/29/1989,480.00,489.00,9.00,978.00
10/6/1989,468.00,485.00,7.00,960.00
10/13/1989,498.00,475.00,8.00,981.00
10/20/1989,502.00,480.00,10.00,992.00
10/27/1989,516.00,482.00,12.00,1010.00
11/3/1989,539.00,491.00,12.00,1042.00
11/10/1989,545.00,487.00,13.00,1045.00
11/17/1989,529.00,499.00,12.00,1040.00
11/24/1989,516.00,514.00,7.00,1037.00
12/1/1989,534.00,522.00,6.00,1062.00
12/8/1989,528.00,523.00,7.00,1058.00
12/15/1989,552.00,519.00,8.00,1079.00
12/22/1989,548.00,505.00,8.00,1061.00
12/29/1989,533.00,502.00,7.00,1042.00
1/5/1990,532.00,488.00,9.00,1029.00
1/12/1990,527.00,484.00,8.00,1019.00
1/19/1990,494.00,462.00,8.00,964.00
1/26/1990,482.00,447.00,8.00,937.00
2/2/1990,489.00,434.00,8.00,931.00
2/9/1990,495.00,397.00,7.00,899.00
2/16/1990,498.00,413.00,7.00,918.00
2/23/1990,485.00,405.00,7.00,897.00
3/2/1990,478.00,409.00,7.00,894.00
3/9/1990,482.00,435.00,6.00,923.00
3/16/1990,479.00,424.00,5.00,908.00
3/23/1990,474.00,414.00,5.00,893.00
3/30/1990,516.00,425.00,5.00,946.00
4/6/1990,487.00,445.00,5.00,937.00
4/13/1990,483.00,447.00,4.00,934.00
4/20/1990,462.00,467.00,3.00,932.00
4/27/1990,472.00,451.00,4.00,927.00
5/4/1990,475.00,450.00,5.00,930.00
5/11/1990,479.00,458.00,4.00,941.00
5/18/1990,504.00,465.00,3.00,972.00
5/25/1990,514.00,485.00,2.00,1001.00
6/1/1990,507.00,475.00,1.00,983.00
6/8/1990,496.00,489.00,6.00,991.00
6/15/1990,491.00,500.00,8.00,999.00
6/22/1990,496.00,516.00,9.00,1021.00
6/29/1990,491.00,516.00,13.00,1020.00
7/6/1990,487.00,509.00,15.00,1011.00
7/13/1990,491.00,495.00,15.00,1001.00
7/20/1990,509.00,496.00,17.00,1022.00
7/27/1990,508.00,466.00,22.00,996.00
8/3/1990,494.00,457.00,15.00,966.00
8/10/1990,507.00,472.00,13.00,992.00
8/17/1990,511.00,459.00,17.00,987.00
8/24/1990,510.00,475.00,17.00,1002.00
8/31/1990,544.00,453.00,15.00,1012.00
9/7/1990,570.00,454.00,15.00,1039.00
9/14/1990,579.00,466.00,15.00,1060.00
9/21/1990,572.00,467.00,16.00,1055.00
9/28/1990,560.00,470.00,17.00,1047.00
10/5/1990,590.00,456.00,18.00,1064.00
10/12/1990,588.00,453.00,15.00,1056.00
10/19/1990,597.00,480.00,12.00,1089.00
10/26/1990,607.00,488.00,12.00,1107.00
11/2/1990,620.00,513.00,11.00,1144.00
11/9/1990,614.00,480.00,30.00,1124.00
11/16/1990,606.00,474.00,23.00,1103.00
11/23/1990,620.00,513.00,42.00,1175.00
11/30/1990,639.00,495.00,41.00,1175.00
12/7/1990,646.00,495.00,38.00,1179.00
12/14/1990,657.00,457.00,37.00,1151.00
12/21/1990,634.00,427.00,28.00,1089.00
12/28/1990,639.00,424.00,23.00,1086.00
1/4/1991,651.00,432.00,25.00,1108.00
1/11/1991,612.00,413.00,23.00,1048.00
1/18/1991,631.00,410.00,24.00,1065.00
1/25/1991,639.00,396.00,16.00,1051.00
2/1/1991,574.00,409.00,13.00,996.00
2/8/1991,575.00,408.00,14.00,997.00
2/15/1991,553.00,407.00,17.00,977.00
2/22/1991,555.00,397.00,15.00,967.00
3/1/1991,529.00,400.00,20.00,949.00
3/8/1991,534.00,394.00,20.00,948.00
3/15/1991,513.00,374.00,21.00,908.00
3/22/1991,503.00,389.00,19.00,911.00
3/29/1991,500.00,393.00,17.00,910.00
4/5/1991,480.00,382.00,19.00,881.00
4/12/1991,472.00,383.00,19.00,874.00
4/19/1991,450.00,367.00,18.00,835.00
4/26/1991,444.00,347.00,33.00,824.00
5/3/1991,425.00,350.00,30.00,805.00
5/10/1991,418.00,353.00,31.00,802.00
5/17/1991,422.00,352.00,44.00,818.00
5/24/1991,451.00,361.00,34.00,846.00
5/31/1991,435.00,352.00,37.00,824.00
6/7/1991,463.00,344.00,43.00,850.00
6/14/1991,479.00,345.00,47.00,871.00
6/21/1991,485.00,340.00,41.00,866.00
6/28/1991,505.00,337.00,39.00,881.00
7/5/1991,488.00,332.00,39.00,859.00
7/12/1991,467.00,338.00,39.00,844.00
7/19/1991,462.00,328.00,38.00,828.00
7/26/1991,470.00,329.00,46.00,845.00
8/2/1991,485.00,314.00,32.00,831.00
8/9/1991,452.00,318.00,26.00,796.00
8/16/1991,447.00,326.00,24.00,797.00
8/23/1991,434.00,332.00,26.00,792.00
8/30/1991,438.00,339.00,22.00,799.00
9/6/1991,436.00,336.00,26.00,798.00
9/13/1991,419.00,309.00,30.00,758.00
9/20/1991,440.00,303.00,27.00,770.00
9/27/1991,436.00,306.00,33.00,775.00
10/4/1991,434.00,320.00,32.00,786.00
10/11/1991,438.00,317.00,41.00,796.00
10/18/1991,427.00,340.00,30.00,797.00
10/25/1991,432.00,341.00,28.00,801.00
11/1/1991,432.00,335.00,26.00,793.00
11/8/1991,436.00,329.00,31.00,796.00
11/15/1991,455.00,322.00,26.00,803.00
11/22/1991,476.00,333.00,19.00,828.00
11/29/1991,484.00,321.00,17.00,822.00
12/6/1991,498.00,299.00,17.00,814.00
12/13/1991,479.00,306.00,17.00,802.00
12/20/1991,465.00,312.00,20.00,797.00
12/27/1991,433.00,316.00,21.00,770.00
1/3/1992,427.00,313.00,24.00,764.00
1/10/1992,405.00,312.00,15.00,732.00
1/17/1992,412.00,291.00,13.00,716.00
1/24/1992,383.00,291.00,12.00,686.00
1/31/1992,375.00,265.00,13.00,653.00
2/7/1992,383.00,277.00,14.00,674.00
2/14/1992,370.00,279.00,12.00,661.00
2/21/1992,373.00,280.00,14.00,667.00
2/28/1992,387.00,273.00,13.00,673.00
3/6/1992,382.00,262.00,16.00,660.00
3/13/1992,384.00,249.00,16.00,649.00
3/20/1992,380.00,245.00,18.00,643.00
3/27/1992,377.00,242.00,20.00,639.00
4/3/1992,382.00,253.00,23.00,658.00
4/10/1992,373.00,251.00,24.00,648.00
4/17/1992,369.00,250.00,20.00,639.00
4/24/1992,355.00,251.00,17.00,623.00
5/1/1992,354.00,260.00,20.00,634.00
5/8/1992,361.00,256.00,18.00,635.00
5/15/1992,371.00,262.00,19.00,652.00
5/22/1992,361.00,257.00,20.00,638.00
5/29/1992,344.00,263.00,22.00,629.00
6/5/1992,331.00,256.00,23.00,610.00
6/12/1992,335.00,242.00,19.00,596.00
6/19/1992,352.00,264.00,16.00,632.00
6/26/1992,353.00,276.00,16.00,645.00
7/3/1992,340.00,291.00,17.00,648.00
7/10/1992,343.00,306.00,18.00,667.00
7/17/1992,352.00,320.00,17.00,689.00
7/24/1992,351.00,318.00,19.00,688.00
7/31/1992,357.00,317.00,16.00,690.00
8/7/1992,356.00,329.00,24.00,709.00
8/14/1992,330.00,326.00,22.00,678.00
8/21/1992,334.00,336.00,19.00,689.00
8/28/1992,315.00,333.00,20.00,668.00
9/4/1992,342.00,345.00,19.00,706.00
9/11/1992,325.00,346.00,16.00,687.00
9/18/1992,348.00,356.00,16.00,720.00
9/25/1992,366.00,377.00,12.00,755.00
10/2/1992,364.00,381.00,11.00,756.00
10/9/1992,377.00,399.00,11.00,787.00
10/16/1992,393.00,399.00,11.00,803.00
10/23/1992,415.00,403.00,12.00,830.00
10/30/1992,410.00,415.00,13.00,838.00
11/6/1992,412.00,429.00,12.00,853.00
11/13/1992,430.00,440.00,15.00,885.00
11/20/1992,407.00,469.00,14.00,890.00
11/27/1992,421.00,466.00,12.00,899.00
12/4/1992,432.00,470.00,12.00,914.00
12/11/1992,425.00,494.00,11.00,930.00
12/18/1992,381.00,528.00,26.00,935.00
12/23/1992,378.00,525.00,25.00,928.00
12/30/1992,368.00,527.00,27.00,922.00
1/8/1993,356.00,515.00,32.00,903.00
1/15/1993,336.00,467.00,35.00,838.00
1/22/1993,325.00,434.00,35.00,794.00
1/29/1993,321.00,401.00,40.00,762.00
2/5/1993,304.00,374.00,42.00,720.00
2/12/1993,307.00,350.00,41.00,698.00
2/19/1993,306.00,313.00,37.00,656.00
2/26/1993,327.00,300.00,36.00,663.00
3/5/1993,311.00,277.00,32.00,620.00
3/12/1993,312.00,257.00,31.00,600.00
3/19/1993,318.00,270.00,26.00,614.00
3/26/1993,320.00,267.00,23.00,610.00
3/31/1993,326.00,278.00,23.00,627.00
4/8/1993,314.00,278.00,23.00,615.00
4/16/1993,319.00,262.00,22.00,603.00
4/23/1993,320.00,265.00,23.00,608.00
4/30/1993,319.00,268.00,22.00,609.00
5/7/1993,319.00,278.00,20.00,617.00
5/14/1993,316.00,283.00,20.00,619.00
5/21/1993,321.00,298.00,22.00,641.00
5/28/1993,334.00,315.00,22.00,671.00
6/4/1993,340.00,325.00,21.00,686.00
6/11/1993,365.00,327.00,19.00,711.00
6/18/1993,344.00,321.00,16.00,681.00
6/25/1993,351.00,335.00,16.00,702.00
7/2/1993,364.00,353.00,15.00,732.00
7/9/1993,353.00,346.00,14.00,713.00
7/16/1993,362.00,346.00,12.00,720.00
7/23/1993,376.00,376.00,13.00,765.00
7/30/1993,385.00,380.00,11.00,776.00
8/6/1993,389.00,377.00,10.00,776.00
8/13/1993,404.00,371.00,11.00,786.00
8/20/1993,400.00,395.00,10.00,805.00
8/27/1993,396.00,417.00,9.00,822.00
9/3/1993,405.00,419.00,10.00,834.00
9/10/1993,405.00,421.00,9.00,835.00
9/17/1993,423.00,422.00,11.00,856.00
9/24/1993,440.00,420.00,6.00,866.00
10/1/1993,427.00,422.00,7.00,856.00
10/8/1993,435.00,414.00,7.00,856.00
10/15/1993,443.00,409.00,8.00,860.00
10/22/1993,450.00,402.00,8.00,860.00
10/29/1993,452.00,410.00,8.00,870.00
11/5/1993,444.00,418.00,8.00,870.00
11/12/1993,453.00,412.00,7.00,872.00
11/19/1993,449.00,401.00,7.00,857.00
11/26/1993,465.00,400.00,6.00,871.00
12/3/1993,443.00,427.00,6.00,876.00
12/10/1993,443.00,417.00,8.00,868.00
12/17/1993,445.00,433.00,5.00,883.00
12/22/1993,408.00,430.00,5.00,843.00
12/29/1993,385.00,423.00,6.00,814.00
1/7/1994,357.00,442.00,8.00,807.00
1/14/1994,365.00,420.00,7.00,792.00
1/21/1994,356.00,413.00,9.00,778.00
1/28/1994,345.00,423.00,10.00,778.00
2/4/1994,335.00,405.00,12.00,752.00
2/11/1994,346.00,406.00,12.00,764.00
2/18/1994,337.00,403.00,12.00,752.00
2/25/1994,330.00,406.00,11.00,747.00
3/4/1994,322.00,412.00,9.00,743.00
3/11/1994,320.00,405.00,8.00,733.00
3/18/1994,330.00,404.00,9.00,743.00
3/25/1994,323.00,391.00,11.00,725.00
3/31/1994,320.00,402.00,10.00,732.00
4/8/1994,309.00,390.00,10.00,709.00
4/15/1994,303.00,407.00,10.00,720.00
4/22/1994,318.00,403.00,11.00,732.00
4/29/1994,326.00,393.00,11.00,730.00
5/6/1994,323.00,383.00,13.00,719.00
5/13/1994,319.00,388.00,15.00,722.00
5/20/1994,314.00,369.00,14.00,697.00
5/27/1994,314.00,398.00,15.00,727.00
6/3/1994,316.00,410.00,16.00,742.00
6/10/1994,328.00,410.00,14.00,752.00
6/17/1994,342.00,409.00,18.00,769.00
6/24/1994,341.00,402.00,18.00,761.00
7/1/1994,333.00,415.00,18.00,766.00
7/8/1994,340.00,412.00,16.00,768.00
7/15/1994,337.00,421.00,15.00,773.00
7/22/1994,344.00,420.00,15.00,779.00
7/29/1994,349.00,407.00,15.00,771.00
8/5/1994,336.00,421.00,14.00,771.00
8/12/1994,311.00,428.00,14.00,753.00
8/19/1994,320.00,438.00,14.00,772.00
8/26/1994,312.00,443.00,13.00,768.00
9/2/1994,308.00,463.00,13.00,784.00
9/9/1994,306.00,463.00,13.00,782.00
9/16/1994,326.00,467.00,11.00,804.00
9/23/1994,339.00,484.00,13.00,836.00
9/30/1994,348.00,476.00,14.00,838.00
10/7/1994,343.00,472.00,13.00,828.00
10/14/1994,348.00,467.00,13.00,828.00
10/21/1994,336.00,471.00,12.00,819.00
10/28/1994,341.00,459.00,13.00,813.00
11/4/1994,355.00,456.00,13.00,824.00
11/11/1994,365.00,454.00,14.00,833.00
11/18/1994,357.00,468.00,14.00,839.00
11/25/1994,367.00,461.00,14.00,842.00
12/2/1994,359.00,454.00,14.00,827.00
12/9/1994,361.00,465.00,15.00,841.00
12/16/1994,350.00,442.00,15.00,807.00
12/23/1994,351.00,448.00,14.00,813.00
12/30/1994,348.00,428.00,15.00,791.00
1/5/1995,328.00,425.00,13.00,766.00
1/13/1995,339.00,407.00,11.00,757.00
1/20/1995,319.00,408.00,9.00,736.00
1/27/1995,315.00,405.00,11.00,731.00
2/3/1995,319.00,393.00,12.00,724.00
2/10/1995,321.00,375.00,10.00,706.00
2/17/1995,336.00,376.00,12.00,724.00
2/24/1995,326.00,355.00,15.00,696.00
3/3/1995,333.00,337.00,14.00,684.00
3/10/1995,334.00,330.00,11.00,675.00
3/17/1995,326.00,328.00,13.00,667.00
3/24/1995,313.00,327.00,12.00,652.00
3/31/1995,302.00,334.00,12.00,648.00
4/7/1995,310.00,347.00,12.00,669.00
4/13/1995,325.00,340.00,11.00,676.00
4/21/1995,334.00,337.00,14.00,685.00
4/28/1995,343.00,321.00,16.00,680.00
5/5/1995,323.00,321.00,20.00,664.00
5/12/1995,329.00,340.00,20.00,689.00
5/19/1995,323.00,332.00,18.00,673.00
5/26/1995,325.00,348.00,17.00,690.00
6/2/1995,317.00,343.00,17.00,677.00
6/9/1995,303.00,350.00,21.00,674.00
6/16/1995,307.00,340.00,23.00,670.00
6/23/1995,301.00,362.00,21.00,684.00
6/30/1995,278.00,364.00,24.00,666.00
7/7/1995,299.00,390.00,25.00,714.00
7/14/1995,298.00,398.00,24.00,720.00
7/21/1995,305.00,391.00,23.00,719.00
7/28/1995,301.00,417.00,21.00,739.00
8/4/1995,318.00,398.00,16.00,732.00
8/11/1995,327.00,394.00,18.00,739.00
8/18/1995,330.00,395.00,19.00,744.00
8/25/1995,333.00,410.00,20.00,763.00
9/1/1995,330.00,421.00,21.00,772.00
9/8/1995,332.00,415.00,19.00,766.00
9/15/1995,335.00,405.00,19.00,759.00
9/22/1995,337.00,418.00,20.00,775.00
9/29/1995,333.00,405.00,17.00,755.00
10/6/1995,333.00,405.00,16.00,754.00
10/13/1995,335.00,412.00,16.00,763.00
10/20/1995,328.00,422.00,15.00,765.00
10/27/1995,331.00,417.00,13.00,761.00
11/3/1995,332.00,418.00,14.00,764.00
11/10/1995,332.00,424.00,13.00,769.00
11/17/1995,328.00,440.00,11.00,779.00
11/22/1995,327.00,436.00,11.00,774.00
12/1/1995,322.00,440.00,11.00,773.00
12/8/1995,333.00,427.00,12.00,772.00
12/15/1995,329.00,424.00,12.00,765.00
12/22/1995,328.00,422.00,12.00,762.00
12/29/1995,314.00,420.00,11.00,745.00
1/5/1996,297.00,404.00,10.00,711.00
1/12/1996,290.00,406.00,8.00,704.00
1/19/1996,300.00,408.00,8.00,716.00
1/26/1996,291.00,404.00,8.00,703.00
2/2/1996,295.00,389.00,9.00,693.00
2/9/1996,281.00,407.00,7.00,695.00
2/16/1996,285.00,417.00,5.00,707.00
2/23/1996,269.00,431.00,5.00,705.00
3/1/1996,265.00,436.00,6.00,707.00
3/8/1996,290.00,421.00,8.00,719.00
3/15/1996,284.00,403.00,6.00,693.00
3/22/1996,297.00,422.00,6.00,725.00
3/29/1996,296.00,425.00,7.00,728.00
4/5/1996,291.00,426.00,8.00,725.00
4/12/1996,283.00,445.00,7.00,735.00
4/19/1996,285.00,451.00,11.00,747.00
4/26/1996,284.00,460.00,13.00,757.00
5/3/1996,285.00,449.00,15.00,749.00
5/10/1996,290.00,474.00,8.00,772.00
5/17/1996,285.00,463.00,9.00,757.00
5/24/1996,291.00,478.00,6.00,775.00
5/31/1996,288.00,472.00,5.00,765.00
6/7/1996,301.00,475.00,5.00,781.00
6/14/1996,304.00,464.00,5.00,773.00
6/21/1996,295.00,465.00,5.00,765.00
6/28/1996,293.00,480.00,4.00,777.00
7/5/1996,292.00,486.00,4.00,782.00
7/12/1996,291.00,493.00,4.00,788.00
7/19/1996,296.00,490.00,4.00,790.00
7/26/1996,280.00,482.00,12.00,774.00
8/2/1996,297.00,483.00,21.00,801.00
8/9/1996,305.00,483.00,21.00,809.00
8/16/1996,298.00,484.00,23.00,805.00
8/23/1996,297.00,499.00,32.00,828.00
8/30/1996,288.00,493.00,31.00,812.00
9/6/1996,293.00,492.00,5.00,790.00
9/13/1996,300.00,503.00,5.00,808.00
9/20/1996,309.00,511.00,5.00,825.00
9/27/1996,302.00,515.00,5.00,822.00
10/4/1996,311.00,503.00,5.00,819.00
10/11/1996,312.00,505.00,10.00,827.00
10/18/1996,319.00,514.00,12.00,845.00
10/25/1996,336.00,503.00,14.00,853.00
11/1/1996,346.00,491.00,2.00,839.00
11/8/1996,349.00,486.00,3.00,838.00
11/15/1996,366.00,481.00,2.00,849.00
11/22/1996,374.00,475.00,2.00,851.00
11/27/1996,382.00,477.00,2.00,861.00
12/6/1996,366.00,488.00,2.00,856.00
12/13/1996,364.00,475.00,2.00,841.00
12/20/1996,360.00,496.00,2.00,858.00
12/27/1996,353.00,496.00,2.00,851.00
1/3/1997,363.00,480.00,2.00,845.00
1/10/1997,346.00,477.00,2.00,825.00
1/17/1997,335.00,482.00,1.00,818.00
1/24/1997,333.00,481.00,1.00,815.00
1/31/1997,333.00,481.00,1.00,815.00
2/7/1997,350.00,481.00,2.00,833.00
2/14/1997,362.00,496.00,2.00,860.00
2/21/1997,354.00,508.00,1.00,863.00
2/28/1997,357.00,481.00,2.00,840.00
3/7/1997,363.00,517.00,2.00,882.00
3/14/1997,366.00,517.00,2.00,885.00
3/21/1997,379.00,525.00,1.00,905.00
3/28/1997,400.00,514.00,1.00,915.00
4/4/1997,384.00,533.00,1.00,918.00
4/11/1997,371.00,541.00,1.00,913.00
4/18/1997,372.00,511.00,2.00,885.00
4/25/1997,365.00,520.00,4.00,889.00
5/2/1997,369.00,508.00,4.00,881.00
5/9/1997,374.00,535.00,4.00,913.00
5/16/1997,368.00,545.00,4.00,917.00
5/23/1997,387.00,557.00,4.00,948.00
5/30/1997,395.00,562.00,4.00,961.00
6/6/1997,404.00,580.00,4.00,988.00
6/13/1997,393.00,585.00,4.00,982.00
6/20/1997,393.00,570.00,3.00,966.00
6/27/1997,392.00,572.00,2.00,966.00
7/4/1997,380.00,583.00,2.00,965.00
7/11/1997,368.00,593.00,3.00,964.00
7/18/1997,381.00,578.00,3.00,962.00
7/25/1997,398.00,583.00,3.00,984.00
8/1/1997,410.00,582.00,3.00,995.00
8/8/1997,429.00,555.00,3.00,987.00
8/15/1997,417.00,580.00,2.00,999.00
8/22/1997,406.00,596.00,3.00,1005.00
8/29/1997,383.00,594.00,3.00,980.00
9/5/1997,404.00,625.00,3.00,1032.00
9/12/1997,386.00,623.00,3.00,1012.00
9/19/1997,387.00,603.00,3.00,993.00
9/26/1997,392.00,603.00,3.00,998.00
10/3/1997,384.00,613.00,4.00,1001.00
10/10/1997,392.00,578.00,4.00,974.00
10/17/1997,404.00,579.00,4.00,987.00
10/24/1997,397.00,602.00,4.00,1003.00
10/31/1997,373.00,640.00,4.00,1017.00
11/7/1997,343.00,638.00,4.00,985.00
11/14/1997,359.00,631.00,4.00,994.00
11/21/1997,342.00,601.00,4.00,947.00
11/28/1997,371.00,630.00,4.00,1005.00
12/5/1997,365.00,645.00,4.00,1014.00
12/12/1997,361.00,647.00,4.00,1012.00
12/19/1997,361.00,654.00,4.00,1019.00
12/26/1997,357.00,646.00,4.00,1007.00
1/2/1998,366.00,633.00,4.00,1003.00
1/9/1998,361.00,625.00,4.00,990.00
1/16/1998,387.00,598.00,4.00,989.00
1/23/1998,396.00,595.00,5.00,996.00
1/30/1998,389.00,593.00,5.00,987.00
2/6/1998,385.00,584.00,5.00,974.00
2/13/1998,385.00,582.00,5.00,972.00
2/20/1998,372.00,612.00,5.00,989.00
2/27/1998,376.00,579.00,5.00,960.00
3/6/1998,360.00,592.00,5.00,957.00
3/13/1998,321.00,617.00,4.00,942.00
3/20/1998,321.00,613.00,3.00,937.00
3/27/1998,304.00,583.00,3.00,890.00
4/3/1998,295.00,577.00,3.00,875.00
4/10/1998,298.00,588.00,3.00,889.00
4/17/1998,294.00,601.00,3.00,898.00
4/24/1998,278.00,599.00,3.00,880.00
5/1/1998,272.00,601.00,3.00,876.00
5/8/1998,271.00,571.00,3.00,845.00
5/15/1998,281.00,592.00,3.00,876.00
5/22/1998,269.00,583.00,3.00,855.00
5/29/1998,269.00,551.00,2.00,822.00
6/5/1998,270.00,590.00,2.00,862.00
6/12/1998,267.00,599.00,2.00,868.00
6/19/1998,271.00,589.00,3.00,863.00
6/26/1998,261.00,560.00,2.00,823.00
7/3/1998,258.00,552.00,2.00,812.00
7/10/1998,266.00,551.00,2.00,819.00
7/17/1998,260.00,548.00,2.00,810.00
7/24/1998,269.00,544.00,3.00,816.00
7/31/1998,269.00,550.00,3.00,822.00
8/7/1998,235.00,571.00,3.00,809.00
8/14/1998,229.00,568.00,2.00,799.00
8/21/1998,218.00,551.00,2.00,771.00
8/28/1998,221.00,568.00,1.00,790.00
9/4/1998,218.00,552.00,0.00,770.00
9/11/1998,214.00,567.00,0.00,781.00
9/18/1998,215.00,558.00,0.00,773.00
9/25/1998,213.00,557.00,0.00,770.00
10/2/1998,229.00,525.00,0.00,754.00
10/9/1998,226.00,524.00,0.00,750.00
10/16/1998,211.00,529.00,0.00,740.00
10/23/1998,212.00,504.00,0.00,716.00
10/30/1998,193.00,515.00,0.00,708.00
11/6/1998,197.00,499.00,0.00,696.00
11/13/1998,193.00,491.00,0.00,684.00
11/20/1998,189.00,497.00,0.00,686.00
11/25/1998,179.00,507.00,0.00,686.00
12/4/1998,167.00,502.00,0.00,669.00
12/11/1998,169.00,498.00,0.00,667.00
12/18/1998,152.00,489.00,1.00,642.00
12/23/1998,149.00,484.00,1.00,634.00
12/30/1998,137.00,483.00,1.00,621.00
1/8/1999,133.00,466.00,1.00,600.00
1/15/1999,126.00,470.00,1.00,597.00
1/22/1999,122.00,465.00,1.00,588.00
1/29/1999,119.00,443.00,0.00,562.00
2/5/1999,125.00,433.00,0.00,558.00
2/12/1999,122.00,422.00,0.00,544.00
2/19/1999,111.00,420.00,0.00,531.00
2/26/1999,108.00,425.00,0.00,533.00
3/5/1999,115.00,426.00,0.00,541.00
3/12/1999,116.00,418.00,0.00,534.00
3/19/1999,114.00,412.00,0.00,526.00
3/26/1999,111.00,391.00,0.00,502.00
4/2/1999,121.00,382.00,0.00,503.00
4/9/1999,122.00,376.00,0.00,498.00
4/16/1999,130.00,369.00,0.00,499.00
4/23/1999,126.00,362.00,0.00,488.00
4/30/1999,126.00,368.00,0.00,494.00
5/7/1999,134.00,371.00,0.00,505.00
5/14/1999,142.00,365.00,0.00,507.00
5/21/1999,138.00,380.00,0.00,518.00
5/28/1999,130.00,404.00,0.00,534.00
6/4/1999,134.00,421.00,0.00,555.00
6/11/1999,136.00,411.00,0.00,547.00
6/18/1999,117.00,449.00,0.00,566.00
6/25/1999,110.00,453.00,0.00,563.00
7/2/1999,112.00,467.00,1.00,580.00
7/9/1999,120.00,450.00,0.00,570.00
7/16/1999,105.00,476.00,2.00,583.00
7/23/1999,102.00,501.00,2.00,605.00
7/30/1999,102.00,498.00,2.00,602.00
8/6/1999,98.00,516.00,2.00,616.00
8/13/1999,115.00,510.00,2.00,627.00
8/20/1999,112.00,531.00,2.00,645.00
8/27/1999,117.00,550.00,1.00,668.00
9/3/1999,121.00,549.00,1.00,671.00
9/10/1999,128.00,561.00,1.00,690.00
9/17/1999,132.00,570.00,1.00,703.00
9/24/1999,140.00,580.00,0.00,720.00
10/1/1999,131.00,597.00,2.00,730.00
10/8/1999,141.00,599.00,1.00,741.00
10/15/1999,140.00,579.00,2.00,721.00
10/22/1999,139.00,609.00,2.00,750.00
10/29/1999,136.00,623.00,2.00,761.00
11/5/1999,137.00,624.00,2.00,763.00
11/12/1999,150.00,622.00,2.00,774.00
11/19/1999,147.00,648.00,2.00,797.00
11/26/1999,146.00,647.00,2.00,795.00
12/3/1999,146.00,648.00,2.00,796.00
12/10/1999,158.00,653.00,2.00,813.00
12/17/1999,175.00,638.00,2.00,815.00
12/22/1999,162.00,634.00,1.00,797.00
12/30/1999,165.00,606.00,0.00,771.00
1/7/2000,158.00,627.00,1.00,786.00
1/14/2000,142.00,638.00,1.00,781.00
1/21/2000,140.00,637.00,0.00,777.00
1/28/2000,131.00,624.00,0.00,755.00
2/4/2000,133.00,624.00,0.00,757.00
2/11/2000,146.00,616.00,0.00,762.00
2/18/2000,153.00,620.00,0.00,773.00
2/25/2000,156.00,604.00,0.00,760.00
3/3/2000,181.00,609.00,0.00,790.00
3/10/2000,174.00,594.00,0.00,768.00
3/17/2000,168.00,595.00,1.00,764.00
3/24/2000,167.00,600.00,1.00,768.00
3/31/2000,173.00,601.00,1.00,775.00
4/1/2000,173.00,601.00,1.00,775.00
4/8/2000,186.00,610.00,1.00,797.00
4/20/2000,206.00,610.00,1.00,817.00
4/28/2000,199.00,598.00,1.00,798.00
5/5/2000,201.00,632.00,0.00,833.00
5/12/2000,196.00,634.00,0.00,830.00
5/19/2000,198.00,651.00,0.00,849.00
5/26/2000,201.00,662.00,1.00,864.00
6/2/2000,196.00,668.00,2.00,866.00
6/9/2000,197.00,643.00,0.00,840.00
6/16/2000,205.00,666.00,0.00,871.00
6/23/2000,203.00,690.00,0.00,893.00
6/30/2000,202.00,718.00,0.00,920.00
7/7/2000,198.00,715.00,0.00,913.00
7/14/2000,212.00,716.00,0.00,928.00
7/21/2000,213.00,736.00,1.00,950.00
7/28/2000,210.00,764.00,1.00,975.00
8/4/2000,208.00,772.00,1.00,981.00
8/11/2000,209.00,765.00,2.00,976.00
8/18/2000,206.00,786.00,2.00,994.00
8/25/2000,200.00,794.00,2.00,996.00
9/1/2000,202.00,816.00,1.00,1019.00
9/8/2000,201.00,808.00,3.00,1012.00
9/15/2000,194.00,816.00,2.00,1012.00
9/22/2000,193.00,803.00,2.00,998.00
9/29/2000,207.00,806.00,2.00,1015.00
10/6/2000,200.00,833.00,2.00,1035.00
10/13/2000,209.00,836.00,0.00,1045.00
10/20/2000,210.00,844.00,0.00,1054.00
10/27/2000,228.00,855.00,1.00,1084.00
11/3/2000,232.00,845.00,1.00,1078.00
11/10/2000,226.00,840.00,1.00,1067.00
11/17/2000,232.00,824.00,1.00,1057.00
11/22/2000,244.00,819.00,1.00,1064.00
12/1/2000,255.00,834.00,1.00,1090.00
12/8/2000,242.00,844.00,2.00,1088.00
12/15/2000,244.00,862.00,1.00,1107.00
12/21/2000,235.00,851.00,1.00,1087.00
12/29/2000,234.00,879.00,1.00,1114.00
1/5/2001,244.00,862.00,1.00,1107.00
1/12/2001,234.00,886.00,1.00,1121.00
1/19/2001,240.00,887.00,1.00,1128.00
1/26/2001,236.00,879.00,1.00,1116.00
2/2/2001,237.00,900.00,1.00,1138.00
2/9/2001,234.00,903.00,0.00,1137.00
2/16/2001,242.00,905.00,0.00,1147.00
2/23/2001,236.00,885.00,0.00,1121.00
3/2/2001,240.00,910.00,1.00,1151.00
3/9/2001,252.00,903.00,3.00,1158.00
3/16/2001,249.00,900.00,2.00,1151.00
3/23/2001,256.00,904.00,3.00,1163.00
3/30/2001,244.00,946.00,3.00,1193.00
4/6/2001,253.00,944.00,3.00,1200.00
4/12/2001,254.00,942.00,2.00,1198.00
4/20/2001,244.00,967.00,2.00,1213.00
4/27/2001,235.00,975.00,2.00,1212.00
5/4/2001,244.00,971.00,2.00,1217.00
5/11/2001,236.00,994.00,2.00,1232.00
5/18/2001,231.00,992.00,2.00,1225.00
5/25/2001,230.00,1030.00,2.00,1262.00
6/1/2001,231.00,1037.00,2.00,1270.00
6/8/2001,212.00,1051.00,1.00,1264.00
6/15/2001,223.00,1042.00,1.00,1266.00
6/22/2001,211.00,1063.00,3.00,1277.00
6/29/2001,217.00,1056.00,2.00,1275.00
7/6/2001,219.00,1054.00,2.00,1275.00
7/13/2001,223.00,1068.00,2.00,1293.00
7/20/2001,218.00,1058.00,2.00,1278.00
7/27/2001,214.00,1050.00,2.00,1266.00
8/3/2001,218.00,1047.00,1.00,1266.00
8/10/2001,222.00,1025.00,1.00,1248.00
8/17/2001,217.00,1024.00,1.00,1242.00
8/24/2001,215.00,1035.00,1.00,1251.00
8/31/2001,221.00,1030.00,1.00,1252.00
9/7/2001,222.00,993.00,1.00,1216.00
9/14/2001,220.00,981.00,1.00,1202.00
9/21/2001,223.00,962.00,1.00,1186.00
9/28/2001,215.00,953.00,0.00,1168.00
10/5/2001,205.00,936.00,0.00,1141.00
10/12/2001,208.00,933.00,0.00,1141.00
10/19/2001,192.00,908.00,0.00,1100.00
10/26/2001,187.00,876.00,0.00,1063.00
11/2/2001,184.00,874.00,0.00,1058.00
11/9/2001,176.00,834.00,0.00,1010.00
11/16/2001,173.00,820.00,0.00,993.00
11/21/2001,172.00,814.00,0.00,986.00
11/30/2001,167.00,785.00,0.00,952.00
12/7/2001,159.00,769.00,0.00,928.00
12/14/2001,150.00,757.00,0.00,907.00
12/21/2001,140.00,741.00,1.00,882.00
12/28/2001,137.00,748.00,2.00,887.00
1/4/2002,138.00,744.00,1.00,883.00
1/11/2002,136.00,719.00,1.00,856.00
1/18/2002,146.00,722.00,1.00,869.00
1/25/2002,144.00,714.00,1.00,859.00
2/1/2002,143.00,709.00,1.00,853.00
2/8/2002,144.00,693.00,1.00,838.00
2/15/2002,146.00,668.00,1.00,815.00
2/22/2002,144.00,647.00,1.00,792.00
3/1/2002,142.00,639.00,1.00,782.00
3/8/2002,144.00,624.00,1.00,769.00
3/15/2002,142.00,610.00,1.00,753.00
3/22/2002,144.00,605.00,1.00,750.00
3/28/2002,150.00,609.00,2.00,761.00
4/5/2002,145.00,591.00,2.00,738.00
4/12/2002,135.00,610.00,2.00,747.00
4/19/2002,134.00,613.00,2.00,749.00
4/26/2002,130.00,634.00,2.00,766.00
5/3/2002,134.00,640.00,2.00,776.00
5/10/2002,141.00,669.00,2.00,812.00
5/17/2002,131.00,696.00,2.00,829.00
5/24/2002,132.00,725.00,2.00,859.00
5/31/2002,131.00,721.00,2.00,854.00
6/7/2002,135.00,710.00,2.00,847.00
6/14/2002,134.00,709.00,1.00,844.00
6/21/2002,139.00,698.00,1.00,838.00
6/28/2002,142.00,697.00,1.00,840.00
7/3/2002,144.00,716.00,2.00,862.00
7/12/2002,135.00,711.00,2.00,848.00
7/19/2002,132.00,725.00,2.00,859.00
7/26/2002,119.00,713.00,1.00,833.00
8/2/2002,117.00,729.00,2.00,848.00
8/9/2002,127.00,726.00,1.00,854.00
8/16/2002,133.00,718.00,2.00,853.00
8/23/2002,124.00,713.00,1.00,838.00
8/30/2002,124.00,721.00,2.00,847.00
9/6/2002,116.00,733.00,2.00,851.00
9/13/2002,115.00,746.00,2.00,863.00
9/20/2002,125.00,725.00,2.00,852.00
9/27/2002,131.00,741.00,3.00,875.00
10/4/2002,142.00,712.00,3.00,857.00
10/11/2002,137.00,709.00,3.00,849.00
10/18/2002,137.00,703.00,3.00,843.00
10/25/2002,142.00,710.00,4.00,856.00
11/1/2002,158.00,692.00,4.00,854.00
11/8/2002,149.00,673.00,4.00,826.00
11/15/2002,147.00,678.00,5.00,830.00
11/22/2002,142.00,679.00,5.00,826.00
11/27/2002,135.00,695.00,5.00,835.00
12/6/2002,142.00,705.00,5.00,852.00
12/13/2002,133.00,711.00,6.00,850.00
12/20/2002,135.00,719.00,6.00,860.00
12/27/2002,136.00,722.00,4.00,862.00
1/3/2003,127.00,706.00,4.00,837.00
1/10/2003,129.00,718.00,4.00,851.00
1/17/2003,130.00,712.00,3.00,845.00
1/24/2003,133.00,726.00,3.00,862.00
1/31/2003,142.00,728.00,3.00,873.00
2/7/2003,146.00,734.00,4.00,884.00
2/14/2003,149.00,752.00,4.00,905.00
2/21/2003,157.00,767.00,4.00,928.00
2/28/2003,161.00,747.00,4.00,912.00
3/7/2003,169.00,756.00,4.00,929.00
3/14/2003,170.00,754.00,3.00,927.00
3/21/2003,167.00,776.00,3.00,946.00
3/28/2003,178.00,781.00,3.00,962.00
4/4/2003,187.00,782.00,3.00,972.00
4/11/2003,186.00,790.00,3.00,979.00
4/17/2003,186.00,805.00,3.00,994.00
4/25/2003,179.00,804.00,3.00,986.00
5/2/2003,174.00,825.00,2.00,1001.00
5/9/2003,170.00,848.00,3.00,1021.00
5/16/2003,168.00,868.00,4.00,1040.00
5/23/2003,164.00,882.00,4.00,1050.00
5/30/2003,160.00,896.00,3.00,1059.00
6/6/2003,159.00,892.00,3.00,1054.00
6/13/2003,158.00,910.00,3.00,1071.00
6/20/2003,148.00,915.00,4.00,1067.00
6/27/2003,144.00,924.00,6.00,1074.00
7/3/2003,148.00,925.00,4.00,1077.00
7/11/2003,153.00,908.00,4.00,1065.00
7/18/2003,154.00,932.00,3.00,1089.00
7/25/2003,158.00,930.00,3.00,1091.00
8/1/2003,156.00,937.00,4.00,1097.00
8/8/2003,149.00,920.00,5.00,1074.00
8/15/2003,158.00,933.00,5.00,1096.00
8/22/2003,149.00,928.00,5.00,1082.00
8/29/2003,154.00,944.00,4.00,1102.00
9/5/2003,152.00,937.00,2.00,1091.00
9/12/2003,165.00,928.00,2.00,1095.00
9/19/2003,152.00,936.00,4.00,1092.00
9/26/2003,148.00,943.00,4.00,1095.00
10/3/2003,155.00,932.00,4.00,1091.00
10/10/2003,155.00,950.00,4.00,1109.00
10/17/2003,160.00,951.00,4.00,1115.00
10/24/2003,158.00,930.00,2.00,1090.00
10/31/2003,161.00,944.00,2.00,1107.00
11/7/2003,160.00,952.00,2.00,1114.00
11/14/2003,161.00,948.00,2.00,1111.00
11/21/2003,157.00,948.00,2.00,1107.00
11/26/2003,152.00,959.00,2.00,1113.00
12/5/2003,153.00,956.00,2.00,1111.00
12/12/2003,148.00,959.00,2.00,1109.00
12/19/2003,154.00,956.00,2.00,1112.00
12/23/2003,153.00,959.00,2.00,1114.00
12/31/2003,158.00,966.00,2.00,1126.00
1/9/2004,147.00,957.00,2.00,1106.00
1/16/2004,145.00,980.00,2.00,1127.00
1/23/2004,137.00,946.00,4.00,1087.00
1/30/2004,142.00,938.00,4.00,1084.00
2/6/2004,144.00,968.00,5.00,1117.00
2/13/2004,155.00,951.00,5.00,1111.00
2/20/2004,155.00,954.00,5.00,1114.00
2/27/2004,158.00,971.00,5.00,1134.00
3/5/2004,161.00,964.00,4.00,1129.00
3/12/2004,169.00,961.00,4.00,1134.00
3/19/2004,162.00,963.00,3.00,1128.00
3/26/2004,165.00,982.00,3.00,1150.00
4/2/2004,157.00,1000.00,3.00,1160.00
4/8/2004,148.00,988.00,2.00,1138.00
4/16/2004,156.00,992.00,2.00,1150.00
4/23/2004,149.00,996.00,1.00,1146.00
4/30/2004,158.00,1002.00,1.00,1161.00
5/7/2004,158.00,994.00,1.00,1153.00
5/14/2004,157.00,1004.00,1.00,1162.00
5/21/2004,153.00,1018.00,1.00,1172.00
5/28/2004,156.00,1012.00,1.00,1169.00
6/4/2004,159.00,1008.00,1.00,1168.00
6/11/2004,162.00,1024.00,1.00,1187.00
6/18/2004,163.00,1006.00,2.00,1171.00
6/25/2004,170.00,1005.00,1.00,1176.00
7/2/2004,168.00,1031.00,2.00,1201.00
7/9/2004,177.00,1028.00,2.00,1207.00
7/16/2004,168.00,1041.00,2.00,1211.00
7/23/2004,168.00,1047.00,1.00,1216.00
7/30/2004,171.00,1057.00,1.00,1229.00
8/6/2004,170.00,1064.00,1.00,1235.00
8/13/2004,168.00,1063.00,1.00,1232.00
8/20/2004,174.00,1055.00,1.00,1230.00
8/27/2004,169.00,1069.00,1.00,1239.00
9/3/2004,166.00,1082.00,1.00,1249.00
9/10/2004,170.00,1069.00,1.00,1240.00
9/17/2004,163.00,1068.00,1.00,1232.00
9/24/2004,165.00,1073.00,1.00,1239.00
10/1/2004,161.00,1081.00,1.00,1243.00
10/8/2004,169.00,1060.00,1.00,1230.00
10/15/2004,167.00,1057.00,1.00,1225.00
10/22/2004,178.00,1071.00,1.00,1250.00
10/29/2004,179.00,1071.00,1.00,1251.00
11/5/2004,190.00,1077.00,1.00,1268.00
11/12/2004,179.00,1079.00,1.00,1259.00
11/19/2004,186.00,1080.00,2.00,1268.00
11/24/2004,177.00,1072.00,2.00,1251.00
12/3/2004,173.00,1070.00,2.00,1245.00
12/10/2004,178.00,1070.00,2.00,1250.00
12/17/2004,182.00,1050.00,2.00,1234.00
12/23/2004,184.00,1070.00,3.00,1257.00
12/31/2004,183.00,1058.00,2.00,1243.00
1/7/2005,177.00,1063.00,2.00,1242.00
1/14/2005,172.00,1084.00,2.00,1258.00
1/21/2005,177.00,1084.00,2.00,1263.00
1/28/2005,185.00,1069.00,2.00,1256.00
2/4/2005,187.00,1059.00,2.00,1248.00
2/11/2005,193.00,1086.00,1.00,1280.00
2/18/2005,197.00,1096.00,2.00,1295.00
2/25/2005,189.00,1090.00,2.00,1281.00
3/4/2005,198.00,1090.00,2.00,1290.00
3/11/2005,189.00,1091.00,2.00,1282.00
3/18/2005,180.00,1139.00,1.00,1320.00
3/24/2005,178.00,1152.00,1.00,1331.00
4/1/2005,171.00,1157.00,1.00,1329.00
4/8/2005,170.00,1157.00,0.00,1327.00
4/15/2005,173.00,1175.00,0.00,1348.00
4/22/2005,173.00,1170.00,0.00,1343.00
4/29/2005,169.00,1156.00,0.00,1325.00
5/6/2005,155.00,1169.00,0.00,1324.00
5/13/2005,150.00,1158.00,0.00,1308.00
5/20/2005,146.00,1169.00,0.00,1315.00
5/27/2005,148.00,1183.00,0.00,1331.00
6/3/2005,146.00,1206.00,1.00,1353.00
6/10/2005,141.00,1196.00,2.00,1339.00
6/17/2005,146.00,1210.00,2.00,1358.00
6/24/2005,149.00,1219.00,2.00,1370.00
7/1/2005,157.00,1211.00,2.00,1370.00
7/8/2005,157.00,1235.00,2.00,1394.00
7/15/2005,168.00,1234.00,2.00,1404.00
7/22/2005,181.00,1228.00,1.00,1410.00
7/29/2005,189.00,1221.00,2.00,1412.00
8/5/2005,199.00,1235.00,2.00,1436.00
8/12/2005,197.00,1230.00,2.00,1429.00
8/19/2005,207.00,1221.00,5.00,1433.00
8/26/2005,220.00,1220.00,4.00,1444.00
9/2/2005,223.00,1219.00,5.00,1447.00
9/9/2005,215.00,1221.00,5.00,1441.00
9/16/2005,202.00,1230.00,4.00,1436.00
9/23/2005,205.00,1239.00,7.00,1451.00
9/30/2005,203.00,1273.00,7.00,1483.00
10/7/2005,209.00,1264.00,8.00,1481.00
10/14/2005,215.00,1262.00,5.00,1482.00
10/21/2005,216.00,1253.00,5.00,1474.00
10/28/2005,227.00,1247.00,6.00,1480.00
11/4/2005,231.00,1260.00,5.00,1496.00
11/11/2005,241.00,1232.00,6.00,1479.00
11/18/2005,265.00,1209.00,4.00,1478.00
11/23/2005,275.00,1212.00,4.00,1491.00
12/2/2005,264.00,1192.00,4.00,1460.00
12/9/2005,257.00,1222.00,4.00,1483.00
12/16/2005,237.00,1222.00,4.00,1463.00
12/22/2005,243.00,1230.00,2.00,1475.00
12/30/2005,235.00,1234.00,2.00,1471.00
1/6/2006,243.00,1219.00,2.00,1464.00
1/13/2006,241.00,1224.00,2.00,1467.00
1/20/2006,247.00,1222.00,3.00,1472.00
1/27/2006,237.00,1247.00,3.00,1487.00
2/3/2006,197.00,1313.00,3.00,1513.00
2/10/2006,206.00,1323.00,3.00,1532.00
2/17/2006,215.00,1327.00,3.00,1545.00
2/24/2006,219.00,1322.00,2.00,1543.00
3/3/2006,226.00,1304.00,1.00,1531.00
3/10/2006,238.00,1292.00,2.00,1532.00
3/17/2006,249.00,1295.00,2.00,1546.00
3/24/2006,255.00,1314.00,2.00,1571.00
3/31/2006,253.00,1321.00,2.00,1576.00
4/7/2006,264.00,1313.00,2.00,1579.00
4/13/2006,259.00,1349.00,2.00,1610.00
4/21/2006,259.00,1331.00,1.00,1591.00
4/28/2006,254.00,1353.00,1.00,1608.00
5/5/2006,259.00,1365.00,1.00,1625.00
5/12/2006,259.00,1367.00,1.00,1627.00
5/19/2006,260.00,1378.00,1.00,1639.00
5/26/2006,265.00,1381.00,3.00,1649.00
6/2/2006,265.00,1389.00,3.00,1657.00
6/9/2006,281.00,1376.00,4.00,1661.00
6/16/2006,285.00,1383.00,4.00,1672.00
6/23/2006,294.00,1371.00,4.00,1669.00
6/30/2006,302.00,1359.00,5.00,1666.00
7/7/2006,295.00,1359.00,5.00,1659.00
7/14/2006,296.00,1368.00,4.00,1668.00
7/21/2006,299.00,1381.00,3.00,1683.00
7/28/2006,302.00,1408.00,4.00,1714.00
8/4/2006,305.00,1396.00,4.00,1705.00
8/11/2006,315.00,1409.00,4.00,1728.00
8/18/2006,330.00,1427.00,5.00,1762.00
8/25/2006,315.00,1436.00,5.00,1756.00
9/1/2006,311.00,1416.00,5.00,1732.00
9/8/2006,310.00,1413.00,5.00,1728.00
9/15/2006,310.00,1422.00,5.00,1737.00
9/22/2006,299.00,1450.00,5.00,1754.00
9/29/2006,295.00,1445.00,4.00,1744.00
10/6/2006,288.00,1432.00,4.00,1724.00
10/13/2006,284.00,1439.00,5.00,1728.00
10/20/2006,291.00,1442.00,6.00,1739.00
10/27/2006,289.00,1450.00,5.00,1744.00
11/3/2006,291.00,1443.00,5.00,1739.00
11/10/2006,273.00,1415.00,5.00,1693.00
11/17/2006,289.00,1402.00,5.00,1696.00
11/22/2006,297.00,1395.00,5.00,1697.00
12/1/2006,289.00,1423.00,5.00,1717.00
12/8/2006,282.00,1437.00,5.00,1724.00
12/15/2006,278.00,1433.00,5.00,1716.00
12/22/2006,279.00,1438.00,6.00,1723.00
12/29/2006,278.00,1425.00,7.00,1710.00
1/5/2007,279.00,1411.00,5.00,1695.00
1/12/2007,269.00,1444.00,4.00,1717.00
1/19/2007,275.00,1466.00,4.00,1745.00
1/26/2007,255.00,1440.00,4.00,1699.00
2/2/2007,264.00,1446.00,4.00,1714.00
2/9/2007,254.00,1473.00,4.00,1731.00
2/16/2007,267.00,1473.00,6.00,1746.00
2/23/2007,278.00,1472.00,4.00,1754.00
3/2/2007,290.00,1458.00,4.00,1752.00
3/9/2007,287.00,1465.00,5.00,1757.00
3/16/2007,282.00,1453.00,5.00,1740.00
3/23/2007,281.00,1459.00,5.00,1745.00
3/30/2007,271.00,1472.00,6.00,1749.00
4/6/2007,283.00,1438.00,5.00,1726.00
4/13/2007,282.00,1472.00,4.00,1758.00
4/20/2007,292.00,1473.00,4.00,1769.00
4/27/2007,283.00,1460.00,4.00,1747.00
5/4/2007,282.00,1462.00,3.00,1747.00
5/11/2007,282.00,1456.00,2.00,1740.00
5/18/2007,276.00,1466.00,2.00,1744.00
5/25/2007,287.00,1471.00,2.00,1760.00
6/1/2007,288.00,1484.00,2.00,1774.00
6/8/2007,291.00,1465.00,4.00,1760.00
6/15/2007,285.00,1484.00,4.00,1773.00
6/22/2007,271.00,1495.00,5.00,1771.00
6/29/2007,281.00,1489.00,5.00,1775.00
7/6/2007,274.00,1473.00,5.00,1752.00
7/13/2007,284.00,1501.00,6.00,1791.00
7/20/2007,287.00,1497.00,6.00,1790.00
7/27/2007,296.00,1474.00,5.00,1775.00
8/3/2007,306.00,1470.00,5.00,1781.00
8/10/2007,305.00,1487.00,6.00,1798.00
8/17/2007,309.00,1480.00,6.00,1795.00
8/24/2007,310.00,1500.00,6.00,1816.00
8/31/2007,300.00,1523.00,6.00,1829.00
9/7/2007,294.00,1514.00,6.00,1814.00
9/14/2007,298.00,1483.00,6.00,1787.00
9/21/2007,305.00,1458.00,6.00,1769.00
9/28/2007,311.00,1443.00,6.00,1760.00
10/5/2007,318.00,1431.00,6.00,1755.00
10/12/2007,319.00,1442.00,6.00,1767.00
10/19/2007,320.00,1438.00,6.00,1764.00
10/26/2007,326.00,1428.00,6.00,1760.00
11/2/2007,335.00,1455.00,5.00,1795.00
11/9/2007,337.00,1459.00,5.00,1801.00
11/16/2007,337.00,1455.00,5.00,1797.00
11/21/2007,343.00,1424.00,6.00,1773.00
11/30/2007,354.00,1463.00,6.00,1823.00
12/7/2007,340.00,1482.00,6.00,1828.00
12/14/2007,342.00,1477.00,5.00,1824.00
12/21/2007,343.00,1461.00,5.00,1809.00
12/28/2007,325.00,1452.00,5.00,1782.00
1/4/2008,316.00,1450.00,8.00,1774.00
1/11/2008,327.00,1409.00,8.00,1744.00
1/18/2008,323.00,1401.00,8.00,1732.00
1/25/2008,318.00,1422.00,7.00,1747.00
2/1/2008,324.00,1432.00,7.00,1763.00
2/8/2008,324.00,1424.00,7.00,1755.00
2/15/2008,339.00,1428.00,6.00,1773.00
2/22/2008,333.00,1430.00,8.00,1771.00
2/29/2008,337.00,1418.00,8.00,1763.00
3/7/2008,337.00,1456.00,9.00,1802.00
3/14/2008,343.00,1441.00,8.00,1792.00
3/21/2008,341.00,1433.00,10.00,1784.00
3/28/2008,350.00,1447.00,11.00,1808.00
4/4/2008,362.00,1458.00,10.00,1830.00
4/11/2008,355.00,1451.00,9.00,1815.00
4/18/2008,355.00,1461.00,11.00,1827.00
4/25/2008,360.00,1473.00,9.00,1842.00
5/2/2008,357.00,1473.00,9.00,1839.00
5/9/2008,361.00,1475.00,10.00,1846.00
5/16/2008,381.00,1471.00,10.00,1862.00
5/23/2008,386.00,1493.00,10.00,1889.00
5/30/2008,390.00,1479.00,8.00,1877.00
6/6/2008,385.00,1493.00,8.00,1886.00
6/13/2008,389.00,1504.00,8.00,1901.00
6/20/2008,384.00,1514.00,8.00,1906.00
6/27/2008,375.00,1530.00,8.00,1913.00
7/4/2008,373.00,1539.00,9.00,1921.00
7/11/2008,370.00,1544.00,8.00,1922.00
7/18/2008,385.00,1534.00,9.00,1928.00
7/25/2008,393.00,1555.00,9.00,1957.00
8/1/2008,392.00,1550.00,9.00,1951.00
8/8/2008,387.00,1571.00,9.00,1967.00
8/15/2008,395.00,1586.00,9.00,1990.00
8/22/2008,395.00,1594.00,9.00,1998.00
8/29/2008,416.00,1606.00,9.00,2031.00
9/5/2008,416.00,1586.00,11.00,2013.00
9/12/2008,413.00,1606.00,12.00,2031.00
9/19/2008,417.00,1589.00,12.00,2018.00
9/26/2008,423.00,1559.00,13.00,1995.00
10/3/2008,422.00,1544.00,13.00,1979.00
10/10/2008,429.00,1548.00,13.00,1990.00
10/17/2008,428.00,1537.00,11.00,1976.00
10/24/2008,423.00,1529.00,12.00,1964.00
10/31/2008,408.00,1552.00,11.00,1971.00
11/7/2008,442.00,1539.00,11.00,1992.00
11/14/2008,429.00,1498.00,14.00,1941.00
11/21/2008,419.00,1511.00,11.00,1941.00
11/26/2008,412.00,1443.00,11.00,1866.00
12/5/2008,413.00,1428.00,11.00,1852.00
12/12/2008,401.00,1379.00,10.00,1790.00
12/19/2008,387.00,1366.00,11.00,1764.00
12/26/2008,364.00,1347.00,10.00,1721.00
1/2/2009,346.00,1267.00,10.00,1623.00
1/9/2009,341.00,1239.00,9.00,1589.00
1/16/2009,324.00,1235.00,9.00,1568.00
1/23/2009,318.00,1185.00,12.00,1515.00
1/30/2009,309.00,1150.00,13.00,1472.00
2/6/2009,283.00,1104.00,12.00,1399.00
2/13/2009,273.00,1054.00,12.00,1339.00
2/20/2009,269.00,1018.00,13.00,1300.00
2/27/2009,260.00,970.00,13.00,1243.00
3/6/2009,241.00,916.00,13.00,1170.00
3/13/2009,228.00,884.00,14.00,1126.00
3/20/2009,215.00,857.00,13.00,1085.00
3/27/2009,217.00,810.00,12.00,1039.00
4/3/2009,224.00,808.00,11.00,1043.00
4/4/2009,224.00,808.00,11.00,1043.00
4/17/2009,205.00,760.00,10.00,975.00
4/24/2009,202.00,742.00,11.00,955.00
5/1/2009,196.00,741.00,8.00,945.00
5/8/2009,190.00,730.00,8.00,928.00
5/15/2009,181.00,728.00,9.00,918.00
5/22/2009,180.00,711.00,9.00,900.00
5/29/2009,187.00,703.00,9.00,899.00
6/5/2009,179.00,700.00,8.00,887.00
6/12/2009,183.00,685.00,8.00,876.00
6/19/2009,196.00,692.00,11.00,899.00
6/26/2009,219.00,687.00,11.00,917.00
7/2/2009,229.00,688.00,11.00,928.00
7/10/2009,234.00,672.00,10.00,916.00
7/17/2009,244.00,665.00,11.00,920.00
7/24/2009,257.00,675.00,11.00,943.00
7/31/2009,261.00,677.00,10.00,948.00
8/7/2009,277.00,681.00,8.00,966.00
8/14/2009,272.00,688.00,8.00,968.00
8/21/2009,280.00,695.00,10.00,985.00
8/28/2009,286.00,699.00,14.00,999.00
9/4/2009,295.00,701.00,13.00,1009.00
9/11/2009,288.00,699.00,12.00,999.00
9/18/2009,293.00,705.00,12.00,1010.00
9/25/2009,297.00,710.00,10.00,1017.00
10/2/2009,303.00,712.00,9.00,1024.00
10/9/2009,305.00,726.00,10.00,1041.00
10/16/2009,309.00,721.00,10.00,1040.00
10/23/2009,312.00,725.00,11.00,1048.00
10/30/2009,330.00,728.00,11.00,1069.00
11/6/2009,332.00,734.00,12.00,1078.00
11/13/2009,361.00,728.00,12.00,1101.00
11/20/2009,375.00,726.00,12.00,1113.00
11/25/2009,379.00,748.00,10.00,1137.00
12/4/2009,383.00,748.00,10.00,1141.00
12/11/2009,393.00,757.00,11.00,1161.00
12/18/2009,409.00,773.00,11.00,1193.00
12/23/2009,416.00,751.00,11.00,1178.00
12/31/2009,418.00,759.00,12.00,1189.00
1/8/2010,427.00,781.00,12.00,1220.00
1/15/2010,425.00,811.00,12.00,1248.00
1/22/2010,437.00,833.00,12.00,1282.00
1/29/2010,444.00,861.00,12.00,1317.00
2/5/2010,445.00,878.00,12.00,1335.00
2/12/2010,443.00,891.00,12.00,1346.00
2/19/2010,440.00,893.00,12.00,1345.00
2/26/2010,456.00,905.00,12.00,1373.00
3/5/2010,456.00,926.00,14.00,1396.00
3/12/2010,466.00,927.00,14.00,1407.00
3/19/2010,474.00,939.00,14.00,1427.00
3/26/2010,489.00,941.00,14.00,1444.00
4/1/2010,502.00,949.00,14.00,1465.00
4/9/2010,505.00,959.00,12.00,1476.00
4/16/2010,506.00,973.00,12.00,1491.00
4/23/2010,514.00,956.00,12.00,1482.00
4/30/2010,513.00,958.00,12.00,1483.00
5/7/2010,528.00,953.00,11.00,1492.00
5/14/2010,544.00,951.00,11.00,1506.00
5/21/2010,538.00,969.00,11.00,1518.00
5/28/2010,555.00,967.00,13.00,1535.00
6/4/2010,545.00,947.00,14.00,1506.00
6/11/2010,561.00,954.00,12.00,1527.00
6/18/2010,574.00,953.00,12.00,1539.00
6/25/2010,583.00,958.00,11.00,1552.00
7/2/2010,587.00,960.00,10.00,1557.00
7/9/2010,592.00,964.00,11.00,1567.00
7/16/2010,580.00,979.00,12.00,1571.00
7/23/2010,591.00,982.00,12.00,1585.00
7/30/2010,603.00,972.00,11.00,1586.00
8/6/2010,611.00,983.00,11.00,1605.00
8/13/2010,636.00,992.00,12.00,1640.00
8/20/2010,655.00,985.00,11.00,1651.00
8/27/2010,672.00,973.00,11.00,1656.00
9/3/2010,665.00,977.00,11.00,1653.00
9/10/2010,663.00,980.00,11.00,1654.00
9/17/2010,670.00,982.00,9.00,1661.00
9/24/2010,673.00,967.00,10.00,1650.00
10/1/2010,687.00,962.00,10.00,1659.00
10/8/2010,690.00,971.00,10.00,1671.00
10/15/2010,695.00,966.00,9.00,1670.00
10/22/2010,695.00,965.00,9.00,1669.00
10/29/2010,696.00,967.00,9.00,1672.00
11/5/2010,718.00,955.00,10.00,1683.00
11/12/2010,720.00,955.00,10.00,1685.00
11/19/2010,731.00,936.00,10.00,1677.00
11/24/2010,724.00,953.00,10.00,1687.00
12/3/2010,742.00,961.00,10.00,1713.00
12/10/2010,763.00,948.00,12.00,1723.00
12/17/2010,756.00,941.00,12.00,1709.00
12/22/2010,771.00,931.00,12.00,1714.00
12/30/2010,765.00,919.00,10.00,1694.00
1/7/2011,777.00,914.00,9.00,1700.00
1/14/2011,789.00,902.00,9.00,1700.00
1/21/2011,798.00,906.00,9.00,1713.00
1/28/2011,809.00,913.00,10.00,1732.00
2/4/2011,818.00,911.00,10.00,1739.00
2/11/2011,805.00,906.00,10.00,1721.00
2/18/2011,798.00,905.00,10.00,1713.00
2/25/2011,783.00,906.00,10.00,1699.00
3/4/2011,801.00,899.00,7.00,1707.00
3/11/2011,827.00,882.00,6.00,1715.00
3/18/2011,839.00,875.00,6.00,1720.00
3/25/2011,851.00,880.00,7.00,1738.00
4/1/2011,877.00,891.00,8.00,1776.00
4/8/2011,886.00,889.00,7.00,1782.00
4/15/2011,880.00,885.00,7.00,1772.00
4/21/2011,913.00,878.00,9.00,1800.00
4/29/2011,926.00,882.00,10.00,1818.00
5/6/2011,934.00,890.00,12.00,1836.00
5/13/2011,947.00,874.00,9.00,1830.00
5/20/2011,954.00,866.00,10.00,1830.00
5/27/2011,958.00,881.00,8.00,1847.00
6/3/2011,959.00,887.00,8.00,1854.00
6/10/2011,969.00,879.00,7.00,1855.00
6/17/2011,984.00,870.00,6.00,1860.00
6/24/2011,1003.00,873.00,6.00,1882.00
7/1/2011,1006.00,874.00,6.00,1886.00
7/8/2011,1007.00,873.00,7.00,1887.00
7/15/2011,1013.00,885.00,7.00,1905.00
7/22/2011,1021.00,889.00,6.00,1916.00
7/29/2011,1025.00,877.00,6.00,1908.00
8/5/2011,1031.00,883.00,6.00,1920.00
8/12/2011,1055.00,896.00,8.00,1959.00
8/19/2011,1066.00,900.00,8.00,1974.00
8/26/2011,1069.00,898.00,8.00,1975.00
9/2/2011,1064.00,895.00,9.00,1968.00
9/9/2011,1057.00,892.00,9.00,1958.00
9/16/2011,1062.00,912.00,11.00,1985.00
9/23/2011,1071.00,912.00,8.00,1991.00
9/30/2011,1060.00,923.00,7.00,1990.00
10/7/2011,1070.00,935.00,7.00,2012.00
10/14/2011,1080.00,936.00,7.00,2023.00
10/21/2011,1079.00,927.00,7.00,2013.00
10/28/2011,1078.00,934.00,9.00,2021.00
11/4/2011,1112.00,907.00,7.00,2026.00
11/11/2011,1133.00,877.00,6.00,2016.00
11/18/2011,1125.00,871.00,5.00,2001.00
11/25/2011,1130.00,865.00,5.00,2000.00
12/2/2011,1132.00,856.00,5.00,1993.00
12/9/2011,1161.00,820.00,6.00,1987.00
12/16/2011,1196.00,818.00,5.00,2019.00
12/22/2011,1201.00,802.00,5.00,2008.00
12/29/2011,1193.00,809.00,5.00,2007.00
1/6/2012,1191.00,811.00,5.00,2007.00
1/13/2012,1191.00,791.00,5.00,1987.00
1/20/2012,1223.00,780.00,5.00,2008.00
1/27/2012,1225.00,777.00,6.00,2008.00
2/3/2012,1245.00,745.00,7.00,1997.00
2/10/2012,1263.00,720.00,6.00,1989.00
2/17/2012,1272.00,716.00,6.00,1994.00
2/24/2012,1265.00,710.00,6.00,1981.00
3/2/2012,1293.00,691.00,5.00,1989.00
3/9/2012,1296.00,670.00,7.00,1973.00
3/16/2012,1317.00,663.00,4.00,1984.00
3/23/2012,1313.00,652.00,3.00,1968.00
3/30/2012,1318.00,658.00,3.00,1979.00
4/5/2012,1329.00,647.00,3.00,1979.00
4/13/2012,1322.00,624.00,4.00,1950.00
4/20/2012,1337.00,631.00,4.00,1972.00
4/27/2012,1328.00,613.00,4.00,1945.00
5/4/2012,1355.00,606.00,4.00,1965.00
5/11/2012,1372.00,598.00,4.00,1974.00
5/18/2012,1382.00,600.00,4.00,1986.00
5/25/2012,1383.00,594.00,6.00,1983.00
6/1/2012,1386.00,588.00,6.00,1980.00
6/8/2012,1414.00,565.00,5.00,1984.00
6/15/2012,1405.00,562.00,4.00,1971.00
6/22/2012,1421.00,541.00,4.00,1966.00
6/29/2012,1421.00,534.00,4.00,1959.00
7/6/2012,1419.00,542.00,4.00,1965.00
7/13/2012,1427.00,522.00,4.00,1953.00
7/20/2012,1414.00,518.00,3.00,1935.00
7/27/2012,1416.00,505.00,3.00,1924.00
8/3/2012,1429.00,498.00,3.00,1930.00
8/10/2012,1432.00,495.00,4.00,1931.00
8/17/2012,1425.00,484.00,5.00,1914.00
8/24/2012,1408.00,486.00,4.00,1898.00
8/31/2012,1419.00,473.00,2.00,1894.00
9/7/2012,1409.00,452.00,3.00,1864.00
9/14/2012,1413.00,448.00,3.00,1864.00
9/21/2012,1402.00,454.00,3.00,1859.00
9/28/2012,1410.00,435.00,3.00,1848.00
10/5/2012,1398.00,437.00,2.00,1837.00
10/12/2012,1411.00,422.00,2.00,1835.00
10/19/2012,1410.00,427.00,2.00,1839.00
10/26/2012,1408.00,416.00,2.00,1826.00
11/2/2012,1373.00,424.00,3.00,1800.00
11/9/2012,1389.00,413.00,4.00,1806.00
11/16/2012,1390.00,417.00,2.00,1809.00
11/21/2012,1388.00,428.00,1.00,1817.00
11/30/2012,1386.00,424.00,1.00,1811.00
12/7/2012,1382.00,417.00,1.00,1800.00
12/14/2012,1381.00,416.00,2.00,1799.00
12/21/2012,1340.00,429.00,5.00,1774.00
12/28/2012,1327.00,431.00,5.00,1763.00
1/4/2013,1318.00,439.00,5.00,1762.00
1/11/2013,1323.00,434.00,4.00,1761.00
1/18/2013,1316.00,429.00,4.00,1749.00
1/25/2013,1315.00,434.00,4.00,1753.00
2/1/2013,1332.00,428.00,4.00,1764.00
2/8/2013,1330.00,425.00,4.00,1759.00
2/15/2013,1337.00,421.00,4.00,1762.00
2/22/2013,1329.00,428.00,4.00,1761.00
3/1/2013,1333.00,420.00,4.00,1757.00
3/8/2013,1341.00,407.00,4.00,1752.00
3/15/2013,1341.00,431.00,4.00,1776.00
3/22/2013,1324.00,418.00,4.00,1746.00
3/28/2013,1354.00,389.00,5.00,1748.00
4/5/2013,1357.00,375.00,6.00,1738.00
4/12/2013,1387.00,377.00,7.00,1771.00
4/19/2013,1371.00,379.00,8.00,1758.00
4/26/2013,1381.00,366.00,7.00,1754.00
5/3/2013,1403.00,354.00,7.00,1764.00
5/10/2013,1412.00,350.00,7.00,1769.00
5/17/2013,1408.00,354.00,7.00,1769.00
5/24/2013,1402.00,354.00,6.00,1762.00
5/31/2013,1410.00,354.00,7.00,1771.00
6/7/2013,1406.00,354.00,5.00,1765.00
6/14/2013,1413.00,353.00,5.00,1771.00
6/21/2013,1405.00,349.00,5.00,1759.00
6/28/2013,1390.00,353.00,5.00,1748.00
7/3/2013,1395.00,355.00,7.00,1757.00
7/12/2013,1391.00,362.00,6.00,1759.00
7/19/2013,1395.00,369.00,6.00,1770.00
7/26/2013,1401.00,369.00,6.00,1776.00
8/2/2013,1388.00,388.00,6.00,1782.00
8/9/2013,1385.00,386.00,7.00,1778.00
8/16/2013,1397.00,388.00,6.00,1791.00
8/23/2013,1382.00,387.00,7.00,1776.00
8/30/2013,1388.00,380.00,8.00,1776.00
9/6/2013,1365.00,394.00,8.00,1767.00
9/13/2013,1361.00,401.00,6.00,1768.00
9/20/2013,1369.00,386.00,6.00,1761.00
9/27/2013,1362.00,376.00,6.00,1744.00
10/4/2013,1372.00,378.00,6.00,1756.00
10/11/2013,1367.00,369.00,7.00,1743.00
10/18/2013,1361.00,372.00,6.00,1739.00
10/25/2013,1357.00,376.00,5.00,1738.00
11/1/2013,1376.00,360.00,6.00,1742.00
11/8/2013,1383.00,365.00,6.00,1754.00
11/15/2013,1385.00,370.00,7.00,1762.00
11/22/2013,1387.00,369.00,5.00,1761.00
11/27/2013,1391.00,367.00,5.00,1763.00
12/6/2013,1397.00,375.00,3.00,1775.00
12/13/2013,1411.00,369.00,2.00,1782.00
12/20/2013,1395.00,372.00,1.00,1768.00
12/27/2013,1382.00,374.00,1.00,1757.00
1/3/2014,1378.00,372.00,1.00,1751.00
1/10/2014,1393.00,357.00,4.00,1754.00
1/17/2014,1408.00,365.00,4.00,1777.00
1/24/2014,1416.00,356.00,5.00,1777.00
1/31/2014,1422.00,358.00,5.00,1785.00
2/7/2014,1416.00,351.00,4.00,1771.00
2/14/2014,1423.00,337.00,4.00,1764.00
2/21/2014,1425.00,342.00,4.00,1771.00
2/28/2014,1430.00,335.00,4.00,1769.00
3/7/2014,1443.00,345.00,4.00,1792.00
3/14/2014,1461.00,344.00,4.00,1809.00
3/21/2014,1473.00,326.00,4.00,1803.00
3/28/2014,1487.00,318.00,4.00,1809.00
4/4/2014,1498.00,316.00,4.00,1818.00
4/11/2014,1517.00,310.00,4.00,1831.00
4/17/2014,1510.00,316.00,5.00,1831.00
4/25/2014,1534.00,323.00,4.00,1861.00
5/2/2014,1527.00,323.00,4.00,1854.00
5/9/2014,1528.00,323.00,4.00,1855.00
5/16/2014,1531.00,326.00,4.00,1861.00
5/23/2014,1528.00,325.00,4.00,1857.00
5/30/2014,1536.00,326.00,4.00,1866.00
6/6/2014,1536.00,320.00,4.00,1860.00
6/13/2014,1542.00,310.00,2.00,1854.00
6/20/2014,1545.00,311.00,2.00,1858.00
6/27/2014,1558.00,314.00,1.00,1873.00
7/3/2014,1562.00,311.00,1.00,1874.00
7/11/2014,1563.00,311.00,1.00,1875.00
7/18/2014,1554.00,315.00,2.00,1871.00
7/25/2014,1562.00,318.00,3.00,1883.00
8/1/2014,1573.00,313.00,3.00,1889.00
8/8/2014,1588.00,316.00,4.00,1908.00
8/15/2014,1589.00,321.00,3.00,1913.00
8/22/2014,1564.00,330.00,2.00,1896.00
8/29/2014,1575.00,338.00,1.00,1914.00
9/5/2014,1584.00,340.00,1.00,1925.00
9/12/2014,1592.00,338.00,1.00,1931.00
9/19/2014,1601.00,329.00,1.00,1931.00
9/26/2014,1592.00,338.00,1.00,1931.00
10/3/2014,1591.00,330.00,1.00,1922.00
10/10/2014,1609.00,320.00,1.00,1930.00
10/17/2014,1590.00,328.00,0.00,1918.00
10/24/2014,1595.00,332.00,0.00,1927.00
10/31/2014,1582.00,346.00,1.00,1929.00
11/7/2014,1568.00,356.00,1.00,1925.00
11/14/2014,1578.00,350.00,0.00,1928.00
11/21/2014,1574.00,355.00,0.00,1929.00
11/26/2014,1572.00,344.00,1.00,1917.00
12/5/2014,1575.00,344.00,1.00,1920.00
12/12/2014,1546.00,346.00,1.00,1893.00
12/19/2014,1536.00,338.00,1.00,1875.00
12/26/2014,1499.00,340.00,1.00,1840.00
1/2/2015,1482.00,328.00,1.00,1811.00
1/9/2015,1421.00,329.00,0.00,1750.00
1/16/2015,1366.00,310.00,0.00,1676.00
1/23/2015,1317.00,316.00,0.00,1633.00
1/30/2015,1223.00,319.00,1.00,1543.00
2/6/2015,1140.00,314.00,2.00,1456.00
2/13/2015,1056.00,300.00,2.00,1358.00
2/20/2015,1019.00,289.00,2.00,1310.00
2/27/2015,986.00,280.00,1.00,1267.00
3/6/2015,922.00,268.00,2.00,1192.00
3/13/2015,866.00,257.00,2.00,1125.00
3/20/2015,825.00,242.00,2.00,1069.00
3/27/2015,813.00,233.00,2.00,1048.00
4/2/2015,802.00,222.00,4.00,1028.00
4/10/2015,760.00,225.00,3.00,988.00
4/17/2015,734.00,217.00,3.00,954.00
4/24/2015,703.00,225.00,4.00,932.00
5/1/2015,679.00,222.00,4.00,905.00
5/8/2015,668.00,221.00,5.00,894.00
5/15/2015,660.00,223.00,5.00,888.00
5/22/2015,659.00,222.00,4.00,885.00
5/29/2015,646.00,225.00,4.00,875.00
6/5/2015,642.00,222.00,4.00,868.00
6/12/2015,635.00,221.00,3.00,859.00
6/19/2015,631.00,223.00,3.00,857.00
6/26/2015,628.00,228.00,3.00,859.00
7/2/2015,640.00,219.00,3.00,862.00
7/10/2015,645.00,217.00,1.00,863.00
7/17/2015,638.00,218.00,1.00,857.00
7/24/2015,659.00,216.00,1.00,876.00
7/31/2015,664.00,209.00,1.00,874.00
8/7/2015,670.00,213.00,1.00,884.00
8/14/2015,672.00,211.00,1.00,884.00
8/21/2015,674.00,211.00,0.00,885.00
8/28/2015,675.00,202.00,0.00,877.00
9/4/2015,662.00,202.00,0.00,864.00
9/11/2015,652.00,196.00,0.00,848.00
9/18/2015,644.00,198.00,0.00,842.00
9/25/2015,641.00,197.00,0.00,838.00
10/2/2015,614.00,195.00,0.00,809.00
10/9/2015,605.00,189.00,1.00,795.00
10/16/2015,595.00,192.00,0.00,787.00
10/23/2015,594.00,193.00,0.00,787.00
10/30/2015,578.00,197.00,0.00,775.00
11/6/2015,572.00,199.00,0.00,771.00
11/13/2015,574.00,193.00,0.00,767.00
11/20/2015,564.00,193.00,0.00,757.00
11/25/2015,555.00,189.00,0.00,744.00
12/4/2015,545.00,192.00,0.00,737.00
12/11/2015,524.00,185.00,0.00,709.00
12/18/2015,541.00,168.00,0.00,709.00
12/23/2015,538.00,162.00,0.00,700.00
12/31/2015,536.00,162.00,0.00,698.00
1/8/2016,516.00,148.00,0.00,664.00
1/15/2016,515.00,135.00,0.00,650.00
1/22/2016,510.00,127.00,0.00,637.00
1/29/2016,498.00,121.00,0.00,619.00
2/5/2016,467.00,104.00,0.00,571.00
2/12/2016,439.00,102.00,0.00,541.00
2/19/2016,413.00,101.00,0.00,514.00
2/26/2016,400.00,102.00,0.00,502.00
3/4/2016,392.00,97.00,0.00,489.00
3/11/2016,386.00,94.00,0.00,480.00
3/18/2016,387.00,89.00,0.00,476.00
3/24/2016,372.00,92.00,0.00,464.00
4/1/2016,362.00,88.00,0.00,450.00
4/8/2016,354.00,89.00,0.00,443.00
4/15/2016,351.00,89.00,0.00,440.00
4/22/2016,343.00,88.00,0.00,431.00
4/29/2016,332.00,87.00,1.00,420.00
5/6/2016,328.00,86.00,1.00,415.00
5/13/2016,318.00,87.00,1.00,406.00
5/20/2016,318.00,85.00,1.00,404.00
5/27/2016,316.00,87.00,1.00,404.00
6/3/2016,325.00,82.00,1.00,408.00
6/10/2016,328.00,85.00,1.00,414.00
6/17/2016,337.00,86.00,1.00,424.00
6/24/2016,330.00,90.00,1.00,421.00
